symbol,last,turnover24h,price24h_pct,1D,4H,1H,15m,1D_protected_low,1D_protected_high,1D_last_bos_side,1D_last_bos_level,1D_last_choch_side,1D_last_choch_level,4H_location,1H_location,15m_rsi,long_score,long_grade,long_rr,long_entry,long_stop_hint,long_target_hint,long_15m_trigger,long_5m_trigger,long_sweep15,long_mss15,long_disp15,long_fvg5,long_htf_aligned,long_chase_penalty,long_entry_model_ready,long_reasons,short_score,short_grade,short_rr,short_entry,short_stop_hint,short_target_hint,short_15m_trigger,short_5m_trigger,short_sweep15,short_mss15,short_disp15,short_fvg5,short_htf_aligned,short_chase_penalty,short_entry_model_ready,short_reasons,rs_vs_btc_30m_pct,rs_vs_btc_1h_pct,rs_vs_btc_4h_pct,btc_return_30m_pct,btc_return_1h_pct,btc_return_4h_pct,long_relative_strength_adj,short_relative_strength_adj,long_rs_persistence_bonus,short_rs_persistence_bonus,long_rs_positive_horizons,short_rs_positive_horizons,oi_change_15m_pct,oi_change_1h_pct,oi_change_4h_pct,long_oi_adj,short_oi_adj,oi_accelerating,long_score_base,short_score_base
QNTUSDT,289.11,271411776.5472,26.4235,bullish,bullish,bullish,bullish,58.66,59.61,bullish,69.83,bullish,59.61,premium,premium,57.78394574312524,20.305546136656005,B+,1.831168831168837,289.03,279.02,307.36,1,1,False,False,False,bullish,True,2.0,False,1D bullish | 4H bullish | 1H bullish | 15m bullish,-14.619058137145773,C,0.5460992907801401,289.03,307.36,279.02,0,0,False,False,False,bullish,False,0.0,False,1D reverse | 4H reverse | 1H reverse | 15m reverse | 4H premium,0.08492549295842089,2.117497442107563,9.80787212548049,0.10709864721920592,0.040675281667312824,-0.29906072690530916,5.056616995305614,-2.306616995305614,2.75,0.0,3,0,2.403195637320299,1.1708859700013452,5.291000339769103,3.4443088350797746,1.918008092277921,True,11.80462030627062,-14.23044923411808
HBARUSDT,0.10351,137860265.6832,-12.8112,bullish,bullish,bullish,bearish,0.088,0.07004,bullish,0.10133,bullish,0.07004,discount,premium,50.6183047816779,19.44711989472251,B+,0.1411290322580596,0.10351,0.10103,0.10386,1,0,False,False,False,bearish,True,0.0,False,1D bullish | 4H bullish | 1H bullish | 15m reverse | 4H discount,-15.72657669396129,C,7.085714285714532,0.10351,0.10386,0.10103,0,1,False,False,False,bearish,False,1.0,False,1D reverse | 4H reverse | 1H reverse | 15m bearish,0.9087682258458241,1.269241271796684,2.2638701110695214,0.10709864721920592,0.040675281667312824,-0.29906072690530916,4.972168640531168,-2.2221686405311676,2.75,0.0,3,0,-0.11422139711797508,1.6998166056845454,8.506627264658206,1.578046577482152,0.28981630211875314,False,12.896904676709187,-13.794224355548874
ZROUSDT,1.7987,32423614.5882,17.2687,bullish,bullish,bullish,bullish,1.4219,0.9653,bullish,1.7265,bullish,0.9653,premium,premium,74.79448765607012,19.316580941809217,B+,0.0453879941434861,1.7988,1.7305,1.8019,3,5,False,True,False,bullish,True,1.0,False,1D bullish | 4H bullish | 1H bullish | 15m bullish,-16.989562060971345,C,,1.7988,1.7785,1.7305,0,0,False,False,False,bullish,False,0.0,False,1D reverse | 4H reverse | 1H reverse | 15m reverse | 4H premium,0.5886706267118846,2.5313411792380336,7.992291643852023,0.10709864721920592,0.040675281667312824,-0.29906072690530916,5.39244708447459,-2.6424470844745898,2.75,0.0,3,0,-0.437433223471162,-0.8986095470603583,-4.573537464832977,0.1744012918275255,-0.20145954786036607,False,13.7497325655071,-14.14565542863639
INITUSDT,0.10406,8889821.2966,18.6497,bullish,bullish,bullish,bearish,0.07098,0.06222,bullish,0.10173,bullish,0.06222,premium,premium,58.53445163085211,19.059250303180313,B+,3.93355481727575,0.10406,0.10105,0.1159,4,5,False,True,True,bullish,True,1.0,False,1D bullish | 4H bullish | 1H bullish | 15m reverse,-12.318981616809593,C,,0.10406,0.10398,0.10105,1,0,False,False,False,bullish,False,0.0,False,1D reverse | 4H reverse | 1H reverse | 15m bearish | 4H premium,1.367798793687225,0.47234378715468317,1.3598879775135853,0.10709864721920592,0.040675281667312824,-0.29906072690530916,2.8084677118120567,-1.5584677118120567,1.25,0.0,3,0,0.7125835297753458,0.6296746409141685,-1.9011167960876985,1.6712253790242935,0.8099288826585027,True,14.579557212343966,-11.570442787656038
TAOUSDT,301.91,61135871.9633,-0.4857,bullish,bullish,bullish,bullish,213.11,210.53,bullish,242.12,bullish,210.53,discount,premium,47.49616459400068,18.980314464244962,B+,1.391304347826016,301.91,300.76,303.51,0,0,False,False,False,bearish,True,0.0,False,1D bullish | 4H bullish | 1H bullish | 15m bullish | 4H discount,-15.881219416970675,C,0.7187500000000366,301.91,303.51,300.76,1,1,False,False,False,bearish,False,0.0,False,1D reverse | 4H reverse | 1H reverse | 15m reverse,0.0884274505438265,-0.017517177985171273,0.901330051099225,0.10709864721920592,0.040675281667312824,-0.29906072690530916,0.40967403446387846,-0.40967403446387846,0.0,0.0,2,1,0.33592541314197977,0.8254073963622988,2.756086749862807,2.6648176376336807,1.6451861731717883,True,15.905822792147402,-17.116731555678584
POLUSDT,0.11678,11892301.5453,1.8889,bullish,bullish,bullish,bullish,0.09925,0.07864,bullish,0.1144,bullish,0.07864,discount,discount,43.833329689652594,18.292599036602127,B+,4.516129032258193,0.11678,0.11647,0.11818,0,1,False,False,False,bullish,True,0.0,False,1D bullish | 4H bullish | 1H bullish | 15m bullish | 4H discount,-17.432055266350222,C,0.2214285714285651,0.11678,0.11818,0.11647,1,0,False,False,False,bullish,False,0.0,False,1D reverse | 4H reverse | 1H reverse | 15m reverse,-0.06424640176154739,-0.33961617678176514,-0.3308873449428207,0.10709864721920592,0.040675281667312824,-0.29906072690530916,-0.365370931482615,1.615370931482615,0.0,1.25,0,3,-0.8032072720032701,-0.6377779631872249,-0.38158745089993396,-0.12213639703253718,0.40103886562132235,False,18.78010636511728,-19.44846506345416
ASTERUSDT,0.7478,19308676.6405,5.8045,bullish,bullish,bullish,bullish,0.66,0.6405,bullish,0.7105,bullish,0.6405,premium,premium,59.7312789490656,17.668783463413405,B+,0.5744680851063741,0.7478,0.7384,0.7532,1,1,False,False,False,bullish,True,0.0,False,1D bullish | 4H bullish | 1H bullish | 15m bullish,-15.660922950575776,C,1.7407407407407671,0.7478,0.7532,0.7384,0,0,False,False,False,bullish,False,0.0,False,1D reverse | 4H reverse | 1H reverse | 15m reverse | 4H premium,0.12014370006057096,1.5421169261248924,3.8995573471287903,0.10709864721920592,0.040675281667312824,-0.29906072690530916,4.8936812786703205,-2.1436812786703205,2.75,0.0,3,0,-0.13446263603423825,-0.7921127600821865,1.6197083645038024,0.6863330958198913,-0.022283416463038035,False,12.088769088923195,-13.494958255442416
PHAUSDT,0.07237,8687801.4931,16.0823,bullish,bullish,bullish,bullish,0.02541,0.02696,bullish,0.06675,bullish,0.02696,premium,premium,57.49012530887021,17.239010073956937,B+,0.0032258064516116,0.07237,0.06927,0.07238,1,3,False,False,False,bullish,True,1.0,False,1D bullish | 4H bullish | 1H bullish | 15m bullish,-12.90689879622077,C,310.00000000012074,0.07237,0.07238,0.06927,0,2,False,False,False,bullish,False,0.0,False,1D reverse | 4H reverse | 1H reverse | 15m reverse | 4H premium,2.3534332828049953,1.7107371477112165,1.606893661794917,0.10709864721920592,0.040675281667312824,-0.29906072690530916,4.350770267436248,-2.350770267436248,2.0,0.0,3,0,0.28045822166125056,0.029585379306817927,-2.5561589104389215,1.4094500443901457,0.7183075155365509,True,11.478789762130544,-11.274436044321073
FILUSDT,1.0595,12305809.2144,1.7851,bullish,bullish,bullish,bearish,0.9108,0.6998,bullish,1.0642,bullish,0.6998,discount,discount,44.13285729399707,16.739903710020492,B+,4.521739130434392,1.0595,1.0572,1.0699,0,1,False,False,False,bullish,True,0.0,False,1D bullish | 4H bullish | 1H bullish | 15m reverse | 4H discount,-15.125107290791298,C,0.2211538461538652,1.0595,1.0699,1.0572,1,0,False,False,False,bullish,False,0.0,False,1D reverse | 4H reverse | 1H reverse | 15m bearish,-0.323773164411878,-0.7158440738653682,0.4124822769998149,0.10709864721920592,0.040675281667312824,-0.29906072690530916,-0.45172854683926555,0.45172854683926555,0.0,0.0,1,2,0.08076725072481139,0.10931917868755026,-0.3646817849395023,0.7555881858069804,1.515966245162801,True,16.436044071052777,-17.092802082793366
ETHUSDT,2671.68,3005065799.2643,0.1382,bullish,bullish,bullish,bearish,2356.05,1848.58,bullish,2615.0,bullish,1848.58,discount,discount,43.23224371424602,16.64946037195391,B+,0.8840381991814573,2671.68,2664.35,2678.16,0,1,False,False,False,bullish,True,0.0,False,1D bullish | 4H bullish | 1H bullish | 15m reverse | 4H discount,-15.340391639117957,C,1.1311728395061584,2671.68,2678.16,2664.35,1,0,False,False,False,bullish,False,0.0,False,1D reverse | 4H reverse | 1H reverse | 15m bearish,-0.021020802907822933,0.08287395082988702,0.20827831702460164,0.10709864721920592,0.040675281667312824,-0.29906072690530916,0.6157068706693621,-0.11570687066936211,0.5,0.0,2,1,0.2181471991512529,-0.6347377285738198,0.8881995507327822,0.7585737077812933,0.0030007977234526623,False,15.275179793503256,-15.227685566172047
1000BONKUSDT,0.003773,33815191.7785,8.9249,bullish,bullish,bullish,bullish,0.002461,0.003678,bearish,0.002611,bullish,0.003678,premium,premium,63.80108224655152,16.447991192952717,B+,0.7837837837837885,0.003773,0.003736,0.003802,1,1,False,False,False,bullish,True,0.0,False,1D bullish | 4H bullish | 1H bullish | 15m bullish,-15.565727082206438,C,1.2758620689655096,0.003773,0.003802,0.003736,0,0,False,False,False,bullish,False,0.0,False,1D reverse | 4H reverse | 1H reverse | 15m reverse | 4H premium,0.6125175574716257,0.33117066786787497,4.346417555099147,0.10709864721920592,0.040675281667312824,-0.29906072690530916,3.0438006123204273,-1.7938006123204273,1.25,0.0,3,0,-0.12034891833639927,0.739605241783936,2.4609844468905795,1.0087620549231022,0.09056671922308575,False,12.395428525709187,-13.862493189109095
LINKUSDT,14.392,104974903.2521,-3.7027,bullish,bullish,bullish,bearish,12.045,13.676,bullish,12.075,bullish,13.676,discount,discount,37.52503956806035,15.524097008959677,B+,5.428571428571718,14.392,14.371,14.506,0,0,False,False,False,bearish,True,0.0,False,1D bullish | 4H bullish | 1H bullish | 15m reverse | 4H discount,-14.677229056039268,C,0.1842105263157796,14.392,14.506,14.371,1,1,False,False,False,bearish,False,0.0,False,1D reverse | 4H reverse | 1H reverse | 15m bearish,0.06672974938766174,-0.46917759696207817,-0.9958145813983355,0.10709864721920592,0.040675281667312824,-0.29906072690530916,-0.6165787872663234,1.1165787872663233,0.0,0.5,1,2,-0.11679770836178216,-0.7751970145107756,-2.586233857585274,-0.11775839699473593,0.4135474371578973,False,16.258434193220737,-16.20735528046349
STRKUSDT,0.04244,13599244.2568,2.0973,bullish,bullish,bullish,bearish,0.02596,0.02641,bullish,0.03019,bullish,0.02641,discount,premium,53.45845435190836,15.40505870729401,B+,0.6764705882352972,0.04244,0.0421,0.04267,1,1,False,False,False,bullish,True,0.0,False,1D bullish | 4H bullish | 1H bullish | 15m reverse | 4H discount,-15.557363531173142,C,1.4782608695652109,0.04244,0.04267,0.0421,0,0,False,False,False,bullish,False,0.0,False,1D reverse | 4H reverse | 1H reverse | 15m bearish,-0.5763619039062085,0.1482713409117986,1.6610678953640878,0.10709864721920592,0.040675281667312824,-0.29906072690530916,0.8632178397854366,-0.3632178397854367,0.5,0.0,2,1,-0.19318712610034705,1.5305866168029647,0.016419890589358666,0.9619643695787539,0.07418752935256386,False,13.57987649792982,-15.268333220740269
DOTUSDT,1.2109,18566419.1943,3.3848000000000003,bullish,bullish,bullish,bullish,1.0765,0.8682,bullish,1.2362,bullish,0.8682,premium,premium,57.45052565948995,14.768672940691646,B+,0.5196850393700676,1.2109,1.1982,1.2175,2,1,False,False,True,bullish,True,0.0,False,1D bullish | 4H bullish | 1H bullish | 15m bullish,-12.835985355028118,C,1.9242424242424656,1.2109,1.2175,1.1982,1,0,False,False,False,bullish,False,0.0,False,1D reverse | 4H reverse | 1H reverse | 15m reverse | 4H premium,0.091807369687813,-0.00757913736810778,1.6997149246743337,0.10709864721920592,0.040675281667312824,-0.29906072690530916,0.7368465660688018,-0.7368465660688018,0.0,0.0,2,1,0.14057537581040336,0.18640450846909573,-0.22187626398015858,1.5546500745454659,0.7691275260909131,True,12.477176300077378,-12.868266315050228
NMRUSDT,11.716,28767012.2203,-22.1502,bullish,bullish,bullish,bearish,8.518,8.628,bullish,10.207,bullish,8.628,discount,discount,34.19041075212665,14.458139741855415,B+,1.2183098591549346,11.715,11.573,11.888,0,0,False,False,False,bearish,True,0.0,False,1D bullish | 4H bullish | 1H bullish | 15m reverse | 4H discount,-12.575181445647024,C,0.82080924855491,11.715,11.888,11.573,1,1,False,False,False,bearish,False,2.0,False,1D reverse | 4H reverse | 1H reverse | 15m bearish,-0.2436523725755313,-0.07486623815932125,-3.4933051829334594,0.10709864721920592,0.040675281667312824,-0.29906072690530916,-1.4043600084195742,2.654360008419574,0.0,1.25,0,3,0.2725128057874615,0.5043332476198925,2.3544627680553765,1.6106319879853155,2.566091394243758,True,14.251867762289676,-17.795632848310355
